標記目標,標記時間(s),Frame,標記行為,
newBox,0:0,1,cycle,
newBox,0:0,2,cycle,
newBox,0:0,3,cycle,
newBox,0:0,4,cycle,
newBox,0:0,5,cycle,
newBox,0:0,6,cycle,
newBox,0:0,7,cycle,
newBox,0:0,8,cycle,
newBox,0:0,9,cycle,
newBox,0:0,10,cycle,
newBox,0:0,11,cycle,
newBox,0:0,12,cycle,
newBox,0:0,13,cycle,
newBox,0:0,14,cycle,
newBox,0:0,15,cycle,
newBox,0:0,16,cycle,
newBox,0:0,17,cycle,
newBox,0:0,18,cycle,
newBox,0:0,19,cycle,
newBox,0:0,20,cycle,
newBox,0:0,21,cycle,
newBox,0:0,22,cycle,
newBox,0:0,23,cycle,
newBox,0:0,24,cycle,
newBox,0:0,25,cycle,
newBox,0:0,26,cycle,
newBox,0:0,27,cycle,
newBox,0:0,28,cycle,
newBox,0:0,29,cycle,
newBox,0:0,30,cycle,
newBox,0:1,31,cycle,
newBox,0:1,32,cycle,
newBox,0:1,33,cycle,
newBox,0:1,34,cycle,
newBox,0:1,35,cycle,
newBox,0:1,36,cycle,
newBox,0:1,37,cycle,
newBox,0:1,38,cycle,
newBox,0:1,39,cycle,
newBox,0:1,40,cycle,
newBox,0:1,41,cycle,
newBox,0:1,42,cycle,
newBox,0:1,43,cycle,
newBox,0:1,44,cycle,
newBox,0:1,45,cycle,
newBox,0:1,46,cycle,
newBox,0:1,47,cycle,
newBox,0:1,48,cycle,
newBox,0:1,49,cycle,
newBox,0:1,50,cycle,
newBox,0:1,51,cycle,
newBox,0:1,52,cycle,
newBox,0:1,53,cycle,
newBox,0:1,54,cycle,
newBox,0:1,55,cycle,
newBox,0:1,56,cycle,
newBox,0:1,57,cycle,
newBox,0:1,58,cycle,
newBox,0:1,59,cycle,
newBox,0:1,60,cycle,
newBox,0:2,61,cycle,
newBox,0:2,62,cycle,
newBox,0:2,63,cycle,
newBox,0:2,64,cycle,
newBox,0:2,65,cycle,
newBox,0:2,66,cycle,
newBox,0:2,67,cycle,
newBox,0:2,68,cycle,
newBox,0:2,69,cycle,
newBox,0:2,70,cycle,
newBox,0:2,71,cycle,
newBox,0:2,72,cycle,
newBox,0:2,73,cycle,
newBox,0:2,74,cycle,
newBox,0:2,75,cycle,
newBox,0:2,76,cycle,
newBox,0:2,77,cycle,
newBox,0:2,78,cycle,
newBox,0:2,79,cycle,
newBox,0:2,80,cycle,
newBox,0:2,81,cycle,
newBox,0:2,82,cycle,
newBox,0:2,83,cycle,
newBox,0:2,84,cycle,
newBox,0:2,85,cycle,
newBox,0:2,86,cycle,
newBox,0:2,87,cycle,
newBox,0:2,88,cycle,
newBox,0:2,89,cycle,
newBox,0:2,90,cycle,
newBox,0:3,91,cycle,
newBox,0:3,92,cycle,
newBox,0:3,93,cycle,
newBox,0:3,94,cycle,
newBox,0:3,95,cycle,
newBox,0:3,96,cycle,
newBox,0:3,97,cycle,
newBox,0:3,98,cycle,
newBox,0:3,99,cycle,
newBox,0:3,100,cycle,
newBox,0:3,101,cycle,
newBox,0:3,102,cycle,
newBox,0:3,103,cycle,
newBox,0:3,104,cycle,
newBox,0:3,105,cycle,
newBox,0:3,106,cycle,
newBox,0:3,107,cycle,
newBox,0:3,108,cycle,
newBox,0:3,109,cycle,
newBox,0:3,110,cycle,
newBox,0:3,111,cycle,
newBox,0:3,112,cycle,
newBox,0:3,113,cycle,
newBox,0:3,114,cycle,
newBox,0:3,115,cycle,
newBox,0:3,116,cycle,
newBox,0:3,117,cycle,
newBox,0:3,118,cycle,
newBox,0:3,119,cycle,
newBox,0:3,120,cycle,
newBox,0:4,121,cycle,
newBox,0:4,122,cycle,
newBox,0:4,123,cycle,
newBox,0:4,124,cycle,
newBox,0:4,125,cycle,
newBox,0:4,126,cycle,
newBox,0:4,127,cycle,
newBox,0:4,128,cycle,
newBox,0:4,129,cycle,
newBox,0:4,130,cycle,
newBox,0:4,131,cycle,
newBox,0:4,132,cycle,
newBox,0:4,133,cycle,
newBox,0:4,134,cycle,
newBox,0:4,135,cycle,
newBox,0:4,136,cycle,
newBox,0:4,137,cycle,
newBox,0:4,138,cycle,
newBox,0:4,139,cycle,
newBox,0:4,140,cycle,
newBox,0:4,141,cycle,
newBox,0:4,142,cycle,
newBox,0:4,143,cycle,
newBox,0:4,144,cycle,
newBox,0:4,145,cycle,
newBox,0:4,146,cycle,
newBox,0:4,147,cycle,
newBox,0:4,148,cycle,
newBox,0:4,149,cycle,
newBox,0:4,150,cycle,
newBox,0:5,151,cycle,
newBox,0:5,152,cycle,
newBox,0:5,153,cycle,
newBox,0:5,154,cycle,
newBox,0:5,155,cycle,
newBox,0:5,156,cycle,
newBox,0:5,157,cycle,
newBox,0:5,158,cycle,
newBox,0:5,159,cycle,
newBox,0:5,160,cycle,
newBox,0:5,161,cycle,
newBox,0:5,162,cycle,
newBox,0:5,163,cycle,
newBox,0:5,164,cycle,
newBox,0:5,165,cycle,
newBox,0:5,166,cycle,
newBox,0:5,167,cycle,
newBox,0:5,168,cycle,
newBox,0:5,169,cycle,
newBox,0:5,170,cycle,
newBox,0:5,171,cycle,
newBox,0:5,172,cycle,
newBox,0:5,173,cycle,
newBox,0:5,174,cycle,
newBox,0:5,175,cycle,
newBox,0:5,176,cycle,
newBox,0:5,177,cycle,
newBox,0:5,178,cycle,
newBox,0:5,179,cycle,
newBox,0:5,180,cycle,
newBox,0:6,181,cycle,
newBox,0:6,182,cycle,
newBox,0:6,183,cycle,
newBox,0:6,184,cycle,
newBox,0:6,185,cycle,
newBox,0:6,186,cycle,
newBox,0:6,187,cycle,
newBox,0:6,188,cycle,
newBox,0:6,189,cycle,
newBox,0:6,190,cycle,
newBox,0:6,191,cycle,
newBox,0:6,192,cycle,
newBox,0:6,193,cycle,
newBox,0:6,194,cycle,
newBox,0:6,195,cycle,
newBox,0:6,196,cycle,
newBox,0:6,197,cycle,
newBox,0:6,198,cycle,
newBox,0:6,199,cycle,
newBox,0:6,200,cycle,
newBox,0:6,201,cycle,
newBox,0:6,202,cycle,
newBox,0:6,203,cycle,
newBox,0:6,204,cycle,
newBox,0:6,205,cycle,
newBox,0:6,206,cycle,
newBox,0:6,207,cycle,
newBox,0:6,208,cycle,
newBox,0:6,209,cycle,
newBox,0:6,210,cycle,
newBox,0:7,211,cycle,
newBox,0:7,212,cycle,
newBox,0:7,213,cycle,
newBox,0:7,214,cycle,
newBox,0:7,215,cycle,
newBox,0:7,216,cycle,
newBox,0:7,217,cycle,
newBox,0:7,218,cycle,
newBox,0:7,219,cycle,
newBox,0:7,220,cycle,
newBox,0:7,221,cycle,
newBox,0:7,222,cycle,
newBox,0:7,223,cycle,
newBox,0:7,224,cycle,
newBox,0:7,225,cycle,
newBox,0:7,226,cycle,
newBox,0:7,227,cycle,
newBox,0:7,228,cycle,
newBox,0:7,229,cycle,
newBox,0:7,230,cycle,
newBox,0:7,231,cycle,
newBox,0:7,232,cycle,
newBox,0:7,233,cycle,
newBox,0:7,234,cycle,
newBox,0:7,235,cycle,
newBox,0:7,236,cycle,
newBox,0:7,237,cycle,
newBox,0:7,238,cycle,
newBox,0:7,239,cycle,
newBox,0:7,240,cycle,
newBox,0:8,241,cycle,
newBox,0:8,242,cycle,
newBox,0:8,243,cycle,
newBox,0:8,244,cycle,
newBox,0:8,245,cycle,
newBox,0:8,246,cycle,
newBox,0:8,247,cycle,
newBox,0:8,248,cycle,
newBox,0:8,249,cycle,
newBox,0:8,250,cycle,
newBox,0:8,251,cycle,
newBox,0:8,252,cycle,
newBox,0:8,253,cycle,
newBox,0:8,254,cycle,
newBox,0:8,255,cycle,
newBox,0:8,256,cycle,
newBox,0:8,257,cycle,
newBox,0:8,258,cycle,
newBox,0:8,259,cycle,
newBox,0:8,260,cycle,
newBox,0:8,261,cycle,
newBox,0:8,262,cycle,
newBox,0:8,263,cycle,
newBox,0:8,264,cycle,
newBox,0:8,265,cycle,
newBox,0:8,266,cycle,
newBox,0:8,267,cycle,
newBox,0:8,268,cycle,
newBox,0:8,269,cycle,
newBox,0:8,270,cycle,
newBox,0:9,271,cycle,
newBox,0:9,272,cycle,
newBox,0:9,273,cycle,
newBox,0:9,274,cycle,
newBox,0:9,275,cycle,
newBox,0:9,276,cycle,
newBox,0:9,277,cycle,
newBox,0:9,278,cycle,
newBox,0:9,279,cycle,
newBox,0:9,280,cycle,
newBox,0:9,281,cycle,
newBox,0:9,282,cycle,
newBox,0:9,283,cycle,
newBox,0:9,284,cycle,
newBox,0:9,285,cycle,
newBox,0:9,286,cycle,
newBox,0:9,287,cycle,
newBox,0:9,288,cycle,
newBox,0:9,289,cycle,
newBox,0:9,290,cycle,
newBox,0:9,291,cycle,
newBox,0:9,292,cycle,
newBox,0:9,293,cycle,
newBox,0:9,294,cycle,
newBox,0:9,295,cycle,
newBox,0:9,296,cycle,
newBox,0:9,297,cycle,
newBox,0:9,298,cycle,
newBox,0:9,299,cycle,
newBox,0:9,300,cycle,
newBox,0:10,301,cycle,
newBox,0:10,302,cycle,
newBox,0:10,303,cycle,
newBox,0:10,304,cycle,
newBox,0:10,305,cycle,
newBox,0:10,306,cycle,
newBox,0:10,307,cycle,
newBox,0:10,308,cycle,
newBox,0:10,309,cycle,
newBox,0:10,310,cycle,
newBox,0:10,311,cycle,
newBox,0:10,312,cycle,
newBox,0:10,313,cycle,
newBox,0:10,314,cycle,
newBox,0:10,315,cycle,
newBox,0:10,316,cycle,
newBox,0:10,317,cycle,
newBox,0:10,318,cycle,
newBox,0:10,319,cycle,
newBox,0:10,320,cycle,
newBox,0:10,321,cycle,
newBox,0:10,322,cycle,
newBox,0:10,323,cycle,
newBox,0:10,324,cycle,
newBox,0:10,325,cycle,
newBox,0:10,326,cycle,
newBox,0:10,327,cycle,
newBox,0:10,328,cycle,
newBox,0:10,329,cycle,
newBox,0:10,330,cycle,
newBox,0:11,331,cycle,
newBox,0:11,332,cycle,
newBox,0:11,333,cycle,
newBox,0:11,334,cycle,
newBox,0:11,335,cycle,
newBox,0:11,336,cycle,
newBox,0:11,337,cycle,
newBox,0:11,338,cycle,
newBox,0:11,339,cycle,
newBox,0:11,340,cycle,
newBox,0:11,341,cycle,
newBox,0:11,342,cycle,
newBox,0:11,343,cycle,
newBox,0:11,344,cycle,
newBox,0:11,345,cycle,
newBox,0:11,346,cycle,
newBox,0:11,347,cycle,
newBox,0:11,348,cycle,
newBox,0:11,349,cycle,
newBox,0:11,350,cycle,
newBox,0:11,351,cycle,
newBox,0:11,352,cycle,
newBox,0:11,353,cycle,
newBox,0:11,354,cycle,
newBox,0:11,355,cycle,
newBox,0:11,356,cycle,
newBox,0:11,357,cycle,
newBox,0:11,358,cycle,
newBox,0:11,359,cycle,
newBox,0:11,360,cycle,
newBox,0:12,361,cycle,
newBox,0:12,362,cycle,
newBox,0:12,363,cycle,
newBox,0:12,364,cycle,
newBox,0:12,365,cycle,
newBox,0:12,366,cycle,
newBox,0:12,367,cycle,
newBox,0:12,368,cycle,
newBox,0:12,369,cycle,
newBox,0:12,370,cycle,
newBox,0:12,371,cycle,
newBox,0:12,372,cycle,
newBox,0:12,373,cycle,
newBox,0:12,374,cycle,
newBox,0:12,375,cycle,
newBox,0:12,376,cycle,
newBox,0:12,377,cycle,
newBox,0:12,378,cycle,
newBox,0:12,379,cycle,
newBox,0:12,380,cycle,
newBox,0:12,381,cycle,
newBox,0:12,382,cycle,
newBox,0:12,383,cycle,
newBox,0:12,384,cycle,
newBox,0:12,385,cycle,
newBox,0:12,386,cycle,
newBox,0:12,387,cycle,
newBox,0:12,388,cycle,
newBox,0:12,389,cycle,
newBox,0:12,390,cycle,
newBox,0:13,391,cycle,
newBox,0:13,392,cycle,
newBox,0:13,393,cycle,
newBox,0:13,394,cycle,
newBox,0:13,395,cycle,
newBox,0:13,396,cycle,
newBox,0:13,397,cycle,
newBox,0:13,398,cycle,
newBox,0:13,399,cycle,
newBox,0:13,400,cycle,
newBox,0:13,401,cycle,
newBox,0:13,402,cycle,
newBox,0:13,403,cycle,
newBox,0:13,404,cycle,
newBox,0:13,405,cycle,
newBox,0:13,406,cycle,
newBox,0:13,407,cycle,
newBox,0:13,408,cycle,
newBox,0:13,409,cycle,
newBox,0:13,410,cycle,
newBox,0:13,411,cycle,
newBox,0:13,412,cycle,
newBox,0:13,413,cycle,
newBox,0:13,414,cycle,
newBox,0:13,415,cycle,
newBox,0:13,416,cycle,
newBox,0:13,417,cycle,
newBox,0:13,418,cycle,
newBox,0:13,419,cycle,
newBox,0:13,420,cycle,
newBox,0:14,421,cycle,
newBox,0:14,422,cycle,
newBox,0:14,423,cycle,
newBox,0:14,424,cycle,
newBox,0:14,425,cycle,
newBox,0:14,426,cycle,
newBox,0:14,427,cycle,
newBox,0:14,428,cycle,
newBox,0:14,429,cycle,
newBox,0:14,430,cycle,
newBox,0:14,431,cycle,
newBox,0:14,432,cycle,
newBox,0:14,433,cycle,
newBox,0:14,434,cycle,
newBox,0:14,435,cycle,
newBox,0:14,436,cycle,
newBox,0:14,437,cycle,
newBox,0:14,438,cycle,
newBox,0:14,439,cycle,
newBox,0:14,440,cycle,
newBox,0:14,441,cycle,
newBox,0:14,442,cycle,
newBox,0:14,443,cycle,
newBox,0:14,444,cycle,
newBox,0:14,445,cycle,
newBox,0:14,446,cycle,
newBox,0:14,447,cycle,
newBox,0:14,448,cycle,
newBox,0:14,449,cycle,
newBox,0:14,450,cycle,
newBox,0:15,451,cycle,
newBox,0:15,452,cycle,
newBox,0:15,453,cycle,
newBox,0:15,454,cycle,
newBox,0:15,455,cycle,
newBox,0:15,456,cycle,
newBox,0:15,457,cycle,
newBox,0:15,458,cycle,
newBox,0:15,459,cycle,
newBox,0:15,460,cycle,
newBox,0:15,461,cycle,
newBox,0:15,462,cycle,
newBox,0:15,463,cycle,
newBox,0:15,464,cycle,
newBox,0:15,465,cycle,
newBox,0:15,466,cycle,
newBox,0:15,467,cycle,
newBox,0:15,468,cycle,
newBox,0:15,469,cycle,
newBox,0:15,470,cycle,
newBox,0:15,471,cycle,
newBox,0:15,472,cycle,
newBox,0:15,473,cycle,
newBox,0:15,474,cycle,
newBox,0:15,475,cycle,
newBox,0:15,476,cycle,
newBox,0:15,477,cycle,
newBox,0:15,478,cycle,
newBox,0:15,479,cycle,
newBox,0:15,480,cycle,
newBox,0:16,481,cycle,
newBox,0:16,482,cycle,
newBox,0:16,483,cycle,
newBox,0:16,484,cycle,
newBox,0:16,485,cycle,
newBox,0:16,486,cycle,
newBox,0:16,487,cycle,
newBox,0:16,488,cycle,
newBox,0:16,489,cycle,
newBox,0:16,490,cycle,
newBox,0:16,491,cycle,
newBox,0:16,492,cycle,
newBox,0:16,493,cycle,
newBox,0:16,494,cycle,
newBox,0:16,495,cycle,
newBox,0:16,496,cycle,
newBox,0:16,497,cycle,
newBox,0:16,498,cycle,
newBox,0:16,499,cycle,
newBox,0:16,500,cycle,
newBox,0:16,501,cycle,
newBox,0:16,502,cycle,
newBox,0:16,503,cycle,
newBox,0:16,504,cycle,
newBox,0:16,505,cycle,
newBox,0:16,506,cycle,
newBox,0:16,507,cycle,
newBox,0:16,508,cycle,
newBox,0:16,509,cycle,
newBox,0:16,510,cycle,
newBox,0:17,511,cycle,
newBox,0:17,512,cycle,
newBox,0:17,513,cycle,
newBox,0:17,514,cycle,
newBox,0:17,515,cycle,
newBox,0:17,516,cycle,
newBox,0:17,517,cycle,
newBox,0:17,518,cycle,
newBox,0:17,519,cycle,
newBox,0:17,520,cycle,
newBox,0:17,521,cycle,
newBox,0:17,522,cycle,
newBox,0:17,523,cycle,
newBox,0:17,524,cycle,
newBox,0:17,525,cycle,
newBox,0:17,526,cycle,
newBox,0:17,527,cycle,
newBox,0:17,528,cycle,
newBox,0:17,529,cycle,
newBox,0:17,530,cycle,
newBox,0:17,531,cycle,
newBox,0:17,532,cycle,
newBox,0:17,533,cycle,
newBox,0:17,534,cycle,
newBox,0:17,535,cycle,
newBox,0:17,536,cycle,
newBox,0:17,537,cycle,
newBox,0:17,538,cycle,
newBox,0:17,539,cycle,
newBox,0:17,540,cycle,
newBox,0:18,541,cycle,
newBox,0:18,542,cycle,
newBox,0:18,543,cycle,
newBox,0:18,544,cycle,
newBox,0:18,545,cycle,
newBox,0:18,546,cycle,
newBox,0:18,547,cycle,
newBox,0:18,548,cycle,
newBox,0:18,549,cycle,
newBox,0:18,550,cycle,
newBox,0:18,551,cycle,
newBox,0:18,552,cycle,
newBox,0:18,553,cycle,
newBox,0:18,554,cycle,
newBox,0:18,555,cycle,
newBox,0:18,556,cycle,
newBox,0:18,557,cycle,
newBox,0:18,558,cycle,
newBox,0:18,559,cycle,
newBox,0:18,560,cycle,
newBox,0:18,561,cycle,
newBox,0:18,562,cycle,
newBox,0:18,563,cycle,
newBox,0:18,564,cycle,
newBox,0:18,565,cycle,
newBox,0:18,566,cycle,
newBox,0:18,567,cycle,
newBox,0:18,568,cycle,
newBox,0:18,569,cycle,
newBox,0:18,570,cycle,
newBox,0:19,571,cycle,
newBox,0:19,572,cycle,
newBox,0:19,573,cycle,
newBox,0:19,574,cycle,
newBox,0:19,575,cycle,
newBox,0:19,576,cycle,
newBox,0:19,577,cycle,
newBox,0:19,578,cycle,
newBox,0:19,579,cycle,
newBox,0:19,580,cycle,
newBox,0:19,581,cycle,
newBox,0:19,582,cycle,
newBox,0:19,583,cycle,
newBox,0:19,584,cycle,
newBox,0:19,585,cycle,
newBox,0:19,586,cycle,
newBox,0:19,587,cycle,
newBox,0:19,588,cycle,
newBox,0:19,589,cycle,
newBox,0:19,590,cycle,
newBox,0:19,591,cycle,
newBox,0:19,592,cycle,
newBox,0:19,593,cycle,
newBox,0:19,594,cycle,
newBox,0:19,595,cycle,
newBox,0:19,596,cycle,
newBox,0:19,597,cycle,
newBox,0:19,598,cycle,
newBox,0:19,599,cycle,
newBox,0:19,600,cycle,
newBox,0:20,601,cycle,
newBox,0:20,602,cycle,
newBox,0:20,603,cycle,
newBox,0:20,604,cycle,
newBox,0:20,605,cycle,
newBox,0:20,606,cycle,
newBox,0:20,607,cycle,
newBox,0:20,608,cycle,
newBox,0:20,609,cycle,
newBox,0:20,610,cycle,
newBox,0:20,611,cycle,
newBox,0:20,612,cycle,
newBox,0:20,613,cycle,
newBox,0:20,614,cycle,
newBox,0:20,615,cycle,
newBox,0:20,616,cycle,
newBox,0:20,617,cycle,
newBox,0:20,618,cycle,
newBox,0:20,619,cycle,
newBox,0:20,620,cycle,
newBox,0:20,621,cycle,
newBox,0:20,622,cycle,
newBox,0:20,623,cycle,
newBox,0:20,624,cycle,
newBox,0:20,625,cycle,
newBox,0:20,626,cycle,
newBox,0:20,627,cycle,
newBox,0:20,628,cycle,
newBox,0:20,629,cycle,
newBox,0:20,630,cycle,
newBox,0:21,631,cycle,
newBox,0:21,632,cycle,
newBox,0:21,633,cycle,
newBox,0:21,634,cycle,
newBox,0:21,635,cycle,
newBox,0:21,636,cycle,
newBox,0:21,637,cycle,
newBox,0:21,638,cycle,
newBox,0:21,639,cycle,
newBox,0:21,640,cycle,
newBox,0:21,641,cycle,
newBox,0:21,642,cycle,
newBox,0:21,643,cycle,
newBox,0:21,644,cycle,
newBox,0:21,645,cycle,
newBox,0:21,646,cycle,
newBox,0:21,647,cycle,
newBox,0:21,648,cycle,
newBox,0:21,649,cycle,
newBox,0:21,650,cycle,
newBox,0:21,651,cycle,
newBox,0:21,652,cycle,
newBox,0:21,653,cycle,
newBox,0:21,654,cycle,
newBox,0:21,655,cycle,
newBox,0:21,656,cycle,
newBox,0:21,657,cycle,
newBox,0:21,658,cycle,
newBox,0:21,659,cycle,
newBox,0:21,660,cycle,
newBox,0:22,661,cycle,
newBox,0:22,662,cycle,
newBox,0:22,663,cycle,
newBox,0:22,664,cycle,
newBox,0:22,665,cycle,
newBox,0:22,666,cycle,
newBox,0:22,667,cycle,
newBox,0:22,668,cycle,
newBox,0:22,669,cycle,
newBox,0:22,670,cycle,
newBox,0:22,671,cycle,
newBox,0:22,672,cycle,
newBox,0:22,673,cycle,
newBox,0:22,674,cycle,
newBox,0:22,675,cycle,
newBox,0:22,676,cycle,
newBox,0:22,677,cycle,
newBox,0:22,678,cycle,
newBox,0:22,679,cycle,
newBox,0:22,680,cycle,
newBox,0:22,681,cycle,
newBox,0:22,682,cycle,
newBox,0:22,683,cycle,
newBox,0:22,684,cycle,
newBox,0:22,685,cycle,
newBox,0:22,686,cycle,
newBox,0:22,687,cycle,
newBox,0:22,688,cycle,
newBox,0:22,689,cycle,
newBox,0:22,690,cycle,
newBox,0:23,691,cycle,
newBox,0:23,692,cycle,
newBox,0:23,693,cycle,
newBox,0:23,694,cycle,
newBox,0:23,695,cycle,
newBox,0:23,696,cycle,
newBox,0:23,697,cycle,
newBox,0:23,698,cycle,
newBox,0:23,699,cycle,
newBox,0:23,700,cycle,
newBox,0:23,701,cycle,
newBox,0:23,702,cycle,
newBox,0:23,703,cycle,
newBox,0:23,704,cycle,
newBox,0:23,705,cycle,
newBox,0:23,706,cycle,
newBox,0:23,707,cycle,
newBox,0:23,708,cycle,
newBox,0:23,709,cycle,
newBox,0:23,710,cycle,
newBox,0:23,711,cycle,
newBox,0:23,712,cycle,
newBox,0:23,713,cycle,
newBox,0:23,714,cycle,
newBox,0:23,715,cycle,
newBox,0:23,716,cycle,
newBox,0:23,717,cycle,
newBox,0:23,718,cycle,
newBox,0:23,719,cycle,
newBox,0:23,720,cycle,
newBox,0:24,721,cycle,
newBox,0:24,722,cycle,
newBox,0:24,723,cycle,
newBox,0:24,724,cycle,
newBox,0:24,725,cycle,
newBox,0:24,726,cycle,
newBox,0:24,727,cycle,
newBox,0:24,728,cycle,
newBox,0:24,729,cycle,
newBox,0:24,730,cycle,
newBox,0:24,731,cycle,
newBox,0:24,732,cycle,
newBox,0:24,733,cycle,
newBox,0:24,734,cycle,
newBox,0:24,735,cycle,
newBox,0:24,736,cycle,
newBox,0:24,737,cycle,
newBox,0:24,738,cycle,
newBox,0:24,739,cycle,
newBox,0:24,740,cycle,
newBox,0:24,741,cycle,
newBox,0:24,742,cycle,
newBox,0:24,743,cycle,
newBox,0:24,744,cycle,
newBox,0:24,745,cycle,
newBox,0:24,746,cycle,
newBox,0:24,747,cycle,
newBox,0:24,748,cycle,
newBox,0:24,749,cycle,
newBox,0:24,750,cycle,
newBox,0:25,751,cycle,
newBox,0:25,752,cycle,
newBox,0:25,753,cycle,
newBox,0:25,754,cycle,
newBox,0:25,755,cycle,
newBox,0:25,756,cycle,
newBox,0:25,757,cycle,
newBox,0:25,758,cycle,
newBox,0:25,759,cycle,
newBox,0:25,760,cycle,
newBox,0:25,761,cycle,
newBox,0:25,762,cycle,
newBox,0:25,763,cycle,
newBox,0:25,764,cycle,
newBox,0:25,765,cycle,
newBox,0:25,766,cycle,
newBox,0:25,767,cycle,
newBox,0:25,768,cycle,
newBox,0:25,769,cycle,
newBox,0:25,770,cycle,
newBox,0:25,771,cycle,
newBox,0:25,772,cycle,
newBox,0:25,773,cycle,
newBox,0:25,774,cycle,
newBox,0:25,775,cycle,
newBox,0:25,776,cycle,
newBox,0:25,777,cycle,
newBox,0:25,778,cycle,
newBox,0:25,779,cycle,
newBox,0:25,780,cycle,
newBox,0:26,781,cycle,
newBox,0:26,782,cycle,
newBox,0:26,783,cycle,
newBox,0:26,784,cycle,
newBox,0:26,785,cycle,
newBox,0:26,786,cycle,
newBox,0:26,787,cycle,
newBox,0:26,788,cycle,
newBox,0:26,789,cycle,
newBox,0:26,790,cycle,
newBox,0:26,791,cycle,
newBox,0:26,792,cycle,
newBox,0:26,793,cycle,
newBox,0:26,794,cycle,
newBox,0:26,795,cycle,
newBox,0:26,796,cycle,
newBox,0:26,797,cycle,
newBox,0:26,798,cycle,
newBox,0:26,799,cycle,
newBox,0:26,800,cycle,
newBox,0:26,801,cycle,
newBox,0:26,802,cycle,
newBox,0:26,803,cycle,
newBox,0:26,804,cycle,
newBox,0:26,805,cycle,
newBox,0:26,806,cycle,
newBox,0:26,807,cycle,
newBox,0:26,808,cycle,
newBox,0:26,809,cycle,
newBox,0:26,810,cycle,
newBox,0:27,811,cycle,
newBox,0:27,812,cycle,
newBox,0:27,813,cycle,
newBox,0:27,814,cycle,
newBox,0:27,815,cycle,
newBox,0:27,816,cycle,
newBox,0:27,817,cycle,
newBox,0:27,818,cycle,
newBox,0:27,819,cycle,
newBox,0:27,820,cycle,
newBox,0:27,821,cycle,
newBox,0:27,822,cycle,
newBox,0:27,823,cycle,
newBox,0:27,824,cycle,
newBox,0:27,825,cycle,
newBox,0:27,826,cycle,
newBox,0:27,827,cycle,
newBox,0:27,828,cycle,
newBox,0:27,829,cycle,
newBox,0:27,830,cycle,
newBox,0:27,831,cycle,
newBox,0:27,832,cycle,
newBox,0:27,833,cycle,
newBox,0:27,834,cycle,
newBox,0:27,835,cycle,
newBox,0:27,836,cycle,
newBox,0:27,837,cycle,
newBox,0:27,838,cycle,
newBox,0:27,839,cycle,
newBox,0:27,840,cycle,
newBox,0:28,841,cycle,
newBox,0:28,842,cycle,
newBox,0:28,843,cycle,
newBox,0:28,844,cycle,
newBox,0:28,845,cycle,
newBox,0:28,846,cycle,
newBox,0:28,847,cycle,
newBox,0:28,848,cycle,
newBox,0:28,849,cycle,
newBox,0:28,850,cycle,
newBox,0:28,851,cycle,
newBox,0:28,852,cycle,
newBox,0:28,853,cycle,
newBox,0:28,854,cycle,
newBox,0:28,855,cycle,
newBox,0:28,856,cycle,
newBox,0:28,857,cycle,
newBox,0:28,858,cycle,
newBox,0:28,859,cycle,
newBox,0:28,860,cycle,
newBox,0:28,861,cycle,
newBox,0:28,862,cycle,
newBox,0:28,863,cycle,
newBox,0:28,864,cycle,
newBox,0:28,865,cycle,
newBox,0:28,866,cycle,
newBox,0:28,867,cycle,
newBox,0:28,868,cycle,
newBox,0:28,869,cycle,
newBox,0:28,870,cycle,
newBox,0:29,871,cycle,
newBox,0:29,872,cycle,
newBox,0:29,873,cycle,
newBox,0:29,874,cycle,
newBox,0:29,875,cycle,
newBox,0:29,876,cycle,
newBox,0:29,877,cycle,
newBox,0:29,878,cycle,
newBox,0:29,879,cycle,
newBox,0:29,880,cycle,
newBox,0:29,881,cycle,
newBox,0:29,882,cycle,
newBox,0:29,883,cycle,
newBox,0:29,884,cycle,
newBox,0:29,885,cycle,
newBox,0:29,886,cycle,
newBox,0:29,887,cycle,
newBox,0:29,888,cycle,
newBox,0:29,889,cycle,
newBox,0:29,890,cycle,
newBox,0:29,891,cycle,
newBox,0:29,892,cycle,
newBox,0:29,893,cycle,
newBox,0:29,894,cycle,
newBox,0:29,895,cycle,
newBox,0:29,896,cycle,
newBox,0:29,897,cycle,
newBox,0:29,898,cycle,
newBox,0:29,899,cycle,
newBox,0:29,900,cycle,
newBox,0:30,901,cycle,
newBox,0:30,902,cycle,
newBox,0:30,903,cycle,
newBox,0:30,904,cycle,
newBox,0:30,905,cycle,
newBox,0:30,906,cycle,
newBox,0:30,907,cycle,
newBox,0:30,908,cycle,
newBox,0:30,909,cycle,
newBox,0:30,910,cycle,
newBox,0:30,911,cycle,
newBox,0:30,912,cycle,
newBox,0:30,913,cycle,
newBox,0:30,914,cycle,
newBox,0:30,915,cycle,
newBox,0:30,916,cycle,
newBox,0:30,917,cycle,
newBox,0:30,918,cycle,
newBox,0:30,919,cycle,
newBox,0:30,920,cycle,
newBox,0:30,921,cycle,
newBox,0:30,922,cycle,
newBox,0:30,923,cycle,
newBox,0:30,924,cycle,
newBox,0:30,925,cycle,
newBox,0:30,926,cycle,
newBox,0:30,927,cycle,
newBox,0:30,928,cycle,
newBox,0:30,929,cycle,
newBox,0:30,930,cycle,
newBox,0:31,931,cycle,
newBox,0:31,932,cycle,
newBox,0:31,933,cycle,
newBox,0:31,934,cycle,
newBox,0:31,935,cycle,
newBox,0:31,936,cycle,
newBox,0:31,937,cycle,
newBox,0:31,938,cycle,
newBox,0:31,939,cycle,
newBox,0:31,940,cycle,
newBox,0:31,941,cycle,
newBox,0:31,942,cycle,
newBox,0:31,943,cycle,
newBox,0:31,944,cycle,
newBox,0:31,945,cycle,
newBox,0:31,946,cycle,
newBox,0:31,947,cycle,
newBox,0:31,948,cycle,
newBox,0:31,949,cycle,
newBox,0:31,950,cycle,
newBox,0:31,951,cycle,
newBox,0:31,952,cycle,
newBox,0:31,953,cycle,
newBox,0:31,954,cycle,
newBox,0:31,955,cycle,
newBox,0:31,956,cycle,
newBox,0:31,957,cycle,
newBox,0:31,958,cycle,
newBox,0:31,959,cycle,
newBox,0:31,960,cycle,
newBox,0:32,961,cycle,
newBox,0:32,962,cycle,
newBox,0:32,963,cycle,
newBox,0:32,964,cycle,
newBox,0:32,965,cycle,
newBox,0:32,966,cycle,
newBox,0:32,967,cycle,
newBox,0:32,968,cycle,
newBox,0:32,969,cycle,
newBox,0:32,970,cycle,
newBox,0:32,971,cycle,
newBox,0:32,972,cycle,
newBox,0:32,973,cycle,
newBox,0:32,974,cycle,
newBox,0:32,975,cycle,
newBox,0:32,976,cycle,
newBox,0:32,977,cycle,
newBox,0:32,978,cycle,
newBox,0:32,979,cycle,
newBox,0:32,980,cycle,
newBox,0:32,981,cycle,
newBox,0:32,982,cycle,
newBox,0:32,983,cycle,
newBox,0:32,984,cycle,
newBox,0:32,985,cycle,
newBox,0:32,986,cycle,
newBox,0:32,987,cycle,
newBox,0:32,988,cycle,
newBox,0:32,989,cycle,
newBox,0:32,990,cycle,
newBox,0:33,991,cycle,
newBox,0:33,992,cycle,
newBox,0:33,993,cycle,
newBox,0:33,994,cycle,
newBox,0:33,995,cycle,
newBox,0:33,996,cycle,
newBox,0:33,997,cycle,
newBox,0:33,998,cycle,
newBox,0:33,999,cycle,
newBox,0:33,1000,cycle,
newBox,0:33,1001,cycle,
newBox,0:33,1002,cycle,
newBox,0:33,1003,cycle,
newBox,0:33,1004,cycle,
newBox,0:33,1005,cycle,
newBox,0:33,1006,cycle,
newBox,0:33,1007,cycle,
newBox,0:33,1008,cycle,
newBox,0:33,1009,cycle,
newBox,0:33,1010,cycle,
newBox,0:33,1011,cycle,
newBox,0:33,1012,cycle,
newBox,0:33,1013,cycle,
newBox,0:33,1014,cycle,
newBox,0:33,1015,cycle,
newBox,0:33,1016,cycle,
newBox,0:33,1017,cycle,
newBox,0:33,1018,cycle,
newBox,0:33,1019,cycle,
newBox,0:33,1020,cycle,
newBox,0:34,1021,cycle,
newBox,0:34,1022,cycle,
newBox,0:34,1023,cycle,
newBox,0:34,1024,cycle,
newBox,0:34,1025,cycle,
newBox,0:34,1026,cycle,
newBox,0:34,1027,cycle,
newBox,0:34,1028,cycle,
newBox,0:34,1029,cycle,
newBox,0:34,1030,cycle,
newBox,0:34,1031,cycle,
newBox,0:34,1032,cycle,
newBox,0:34,1033,cycle,
newBox,0:34,1034,cycle,
newBox,0:34,1035,cycle,
newBox,0:34,1036,cycle,
newBox,0:34,1037,cycle,
newBox,0:34,1038,cycle,
newBox,0:34,1039,cycle,
newBox,0:34,1040,cycle,
newBox,0:34,1041,cycle,
newBox,0:34,1042,cycle,
newBox,0:34,1043,cycle,
newBox,0:34,1044,cycle,
newBox,0:34,1045,cycle,
newBox,0:34,1046,cycle,
newBox,0:34,1047,cycle,
newBox,0:34,1048,cycle,
newBox,0:34,1049,cycle,
newBox,0:34,1050,cycle,
newBox,0:35,1051,cycle,
newBox,0:35,1052,cycle,
newBox,0:35,1053,cycle,
newBox,0:35,1054,cycle,
newBox,0:35,1055,cycle,
newBox,0:35,1056,cycle,
newBox,0:35,1057,cycle,
newBox,0:35,1058,cycle,
newBox,0:35,1059,cycle,
newBox,0:35,1060,cycle,
newBox,0:35,1061,cycle,
newBox,0:35,1062,cycle,
newBox,0:35,1063,cycle,
newBox,0:35,1064,cycle,
newBox,0:35,1065,cycle,
newBox,0:35,1066,cycle,
newBox,0:35,1067,cycle,
newBox,0:35,1068,cycle,
newBox,0:35,1069,cycle,
newBox,0:35,1070,cycle,
newBox,0:35,1071,cycle,
newBox,0:35,1072,cycle,
newBox,0:35,1073,cycle,
newBox,0:35,1074,cycle,
newBox,0:35,1075,cycle,
newBox,0:35,1076,cycle,
newBox,0:35,1077,cycle,
newBox,0:35,1078,cycle,
newBox,0:35,1079,cycle,
newBox,0:35,1080,cycle,
newBox,0:36,1081,cycle,
newBox,0:36,1082,cycle,
newBox,0:36,1083,cycle,
newBox,0:36,1084,cycle,
newBox,0:36,1085,cycle,
newBox,0:36,1086,cycle,
newBox,0:36,1087,cycle,
newBox,0:36,1088,cycle,
newBox,0:36,1089,cycle,
newBox,0:36,1090,cycle,
newBox,0:36,1091,cycle,
newBox,0:36,1092,cycle,
newBox,0:36,1093,cycle,
newBox,0:36,1094,cycle,
newBox,0:36,1095,cycle,
newBox,0:36,1096,cycle,
newBox,0:36,1097,cycle,
newBox,0:36,1098,cycle,
newBox,0:36,1099,cycle,
newBox,0:36,1100,cycle,
newBox,0:36,1101,cycle,
newBox,0:36,1102,cycle,
newBox,0:36,1103,cycle,
newBox,0:36,1104,cycle,
newBox,0:36,1105,cycle,
newBox,0:36,1106,cycle,
newBox,0:36,1107,cycle,
newBox,0:36,1108,cycle,
newBox,0:36,1109,cycle,
newBox,0:36,1110,cycle,
newBox,0:37,1111,cycle,
newBox,0:37,1112,cycle,
newBox,0:37,1113,cycle,
newBox,0:37,1114,cycle,
newBox,0:37,1115,cycle,
newBox,0:37,1116,cycle,
newBox,0:37,1117,cycle,
newBox,0:37,1118,cycle,
newBox,0:37,1119,cycle,
newBox,0:37,1120,cycle,
newBox,0:37,1121,cycle,
newBox,0:37,1122,cycle,
newBox,0:37,1123,cycle,
newBox,0:37,1124,cycle,
newBox,0:37,1125,cycle,
newBox,0:37,1126,cycle,
newBox,0:37,1127,cycle,
newBox,0:37,1128,cycle,
newBox,0:37,1129,cycle,
newBox,0:37,1130,cycle,
newBox,0:37,1131,cycle,
newBox,0:37,1132,cycle,
newBox,0:37,1133,cycle,
newBox,0:37,1134,cycle,
newBox,0:37,1135,cycle,
newBox,0:37,1136,cycle,
newBox,0:37,1137,cycle,
newBox,0:37,1138,cycle,
newBox,0:37,1139,cycle,
newBox,0:37,1140,cycle,
newBox,0:38,1141,cycle,
newBox,0:38,1142,cycle,
newBox,0:38,1143,cycle,
newBox,0:38,1144,cycle,
newBox,0:38,1145,cycle,
newBox,0:38,1146,cycle,
newBox,0:38,1147,cycle,
newBox,0:38,1148,cycle,
newBox,0:38,1149,cycle,
newBox,0:38,1150,cycle,
newBox,0:38,1151,cycle,
newBox,0:38,1152,cycle,
newBox,0:38,1153,cycle,
newBox,0:38,1154,cycle,
newBox,0:38,1155,cycle,
newBox,0:38,1156,cycle,
newBox,0:38,1157,cycle,
newBox,0:38,1158,cycle,
newBox,0:38,1159,cycle,
newBox,0:38,1160,cycle,
newBox,0:38,1161,cycle,
newBox,0:38,1162,cycle,
newBox,0:38,1163,cycle,
newBox,0:38,1164,cycle,
newBox,0:38,1165,cycle,
newBox,0:38,1166,cycle,
newBox,0:38,1167,cycle,
newBox,0:38,1168,cycle,
newBox,0:38,1169,cycle,
newBox,0:38,1170,cycle,
newBox,0:39,1171,cycle,
newBox,0:39,1172,cycle,
newBox,0:39,1173,cycle,
newBox,0:39,1174,cycle,
newBox,0:39,1175,cycle,
newBox,0:39,1176,cycle,
newBox,0:39,1177,cycle,
newBox,0:39,1178,cycle,
newBox,0:39,1179,cycle,
newBox,0:39,1180,cycle,
newBox,0:39,1181,cycle,
newBox,0:39,1182,cycle,
newBox,0:39,1183,cycle,
newBox,0:39,1184,cycle,
newBox,0:39,1185,cycle,
newBox,0:39,1186,cycle,
newBox,0:39,1187,cycle,
newBox,0:39,1188,cycle,
newBox,0:39,1189,cycle,
newBox,0:39,1190,cycle,
newBox,0:39,1191,cycle,
newBox,0:39,1192,cycle,
newBox,0:39,1193,cycle,
newBox,0:39,1194,cycle,
newBox,0:39,1195,cycle,
newBox,0:39,1196,cycle,
newBox,0:39,1197,cycle,
newBox,0:39,1198,cycle,
newBox,0:39,1199,cycle,
newBox,0:39,1200,cycle,
newBox,0:40,1201,cycle,
newBox,0:40,1202,cycle,
newBox,0:40,1203,cycle,
newBox,0:40,1204,cycle,
newBox,0:40,1205,cycle,
newBox,0:40,1206,cycle,
newBox,0:40,1207,cycle,
newBox,0:40,1208,cycle,
newBox,0:40,1209,cycle,
newBox,0:40,1210,cycle,
newBox,0:40,1211,cycle,
newBox,0:40,1212,cycle,
newBox,0:40,1213,cycle,
newBox,0:40,1214,cycle,
newBox,0:40,1215,cycle,
newBox,0:40,1216,cycle,
newBox,0:40,1217,cycle,
newBox,0:40,1218,cycle,
newBox,0:40,1219,cycle,
newBox,0:40,1220,cycle,
newBox,0:40,1221,cycle,
newBox,0:40,1222,cycle,
newBox,0:40,1223,cycle,
newBox,0:40,1224,cycle,
newBox,0:40,1225,cycle,
newBox,0:40,1226,cycle,
newBox,0:40,1227,cycle,
newBox,0:40,1228,cycle,
newBox,0:40,1229,cycle,
newBox,0:40,1230,cycle,
newBox,0:41,1231,cycle,
newBox,0:41,1232,cycle,
newBox,0:41,1233,cycle,
newBox,0:41,1234,cycle,
newBox,0:41,1235,cycle,
newBox,0:41,1236,cycle,
newBox,0:41,1237,cycle,
newBox,0:41,1238,cycle,
newBox,0:41,1239,cycle,
newBox,0:41,1240,cycle,
newBox,0:41,1241,cycle,
newBox,0:41,1242,cycle,
newBox,0:41,1243,cycle,
newBox,0:41,1244,cycle,
newBox,0:41,1245,cycle,
newBox,0:41,1246,cycle,
newBox,0:41,1247,cycle,
newBox,0:41,1248,cycle,
newBox,0:41,1249,cycle,
newBox,0:41,1250,cycle,
newBox,0:41,1251,cycle,
newBox,0:41,1252,cycle,
newBox,0:41,1253,cycle,
newBox,0:41,1254,cycle,
newBox,0:41,1255,cycle,
newBox,0:41,1256,cycle,
newBox,0:41,1257,cycle,
newBox,0:41,1258,cycle,
newBox,0:41,1259,cycle,
newBox,0:41,1260,cycle,
newBox,0:42,1261,cycle,
newBox,0:42,1262,cycle,
newBox,0:42,1263,cycle,
newBox,0:42,1264,cycle,
newBox,0:42,1265,cycle,
newBox,0:42,1266,cycle,
newBox,0:42,1267,cycle,
newBox,0:42,1268,cycle,
newBox,0:42,1269,cycle,
newBox,0:42,1270,cycle,
newBox,0:42,1271,cycle,
newBox,0:42,1272,cycle,
newBox,0:42,1273,cycle,
newBox,0:42,1274,cycle,
newBox,0:42,1275,cycle,
newBox,0:42,1276,cycle,
newBox,0:42,1277,cycle,
newBox,0:42,1278,cycle,
newBox,0:42,1279,cycle,
newBox,0:42,1280,cycle,
newBox,0:42,1281,cycle,
newBox,0:42,1282,cycle,
newBox,0:42,1283,cycle,
newBox,0:42,1284,cycle,
newBox,0:42,1285,cycle,
newBox,0:42,1286,cycle,
newBox,0:42,1287,cycle,
newBox,0:42,1288,cycle,
newBox,0:42,1289,cycle,
newBox,0:42,1290,cycle,
newBox,0:43,1291,cycle,
newBox,0:43,1292,cycle,
newBox,0:43,1293,cycle,
newBox,0:43,1294,cycle,
newBox,0:43,1295,cycle,
newBox,0:43,1296,cycle,
newBox,0:43,1297,cycle,
newBox,0:43,1298,cycle,
newBox,0:43,1299,cycle,
newBox,0:43,1300,cycle,
newBox,0:43,1301,cycle,
newBox,0:43,1302,cycle,
newBox,0:43,1303,cycle,
newBox,0:43,1304,cycle,
newBox,0:43,1305,cycle,
newBox,0:43,1306,cycle,
newBox,0:43,1307,cycle,
newBox,0:43,1308,cycle,
newBox,0:43,1309,cycle,
newBox,0:43,1310,cycle,
newBox,0:43,1311,cycle,
newBox,0:43,1312,cycle,
newBox,0:43,1313,others,
newBox,0:43,1314,others,
newBox,0:43,1315,others,
newBox,0:43,1316,others,
newBox,0:43,1317,others,
newBox,0:43,1318,others,
newBox,0:43,1319,others,
newBox,0:43,1320,others,
newBox,0:44,1321,others,
newBox,0:44,1322,others,
newBox,0:44,1323,others,
newBox,0:44,1324,others,
newBox,0:44,1325,others,
newBox,0:44,1326,others,
newBox,0:44,1327,others,
newBox,0:44,1328,others,
newBox,0:44,1329,others,
newBox,0:44,1330,others,
newBox,0:44,1331,others,
newBox,0:44,1332,others,
newBox,0:44,1333,others,
newBox,0:44,1334,others,
newBox,0:44,1335,others,
newBox,0:44,1336,others,
newBox,0:44,1337,others,
newBox,0:44,1338,others,
newBox,0:44,1339,others,
newBox,0:44,1340,others,
newBox,0:44,1341,others,
newBox,0:44,1342,others,
newBox,0:44,1343,others,
newBox,0:44,1344,others,
newBox,0:44,1345,others,
newBox,0:44,1346,others,
newBox,0:44,1347,others,
newBox,0:44,1348,others,
newBox,0:44,1349,others,
newBox,0:44,1350,others,
newBox,0:45,1351,others,
newBox,0:45,1352,others,
newBox,0:45,1353,others,
newBox,0:45,1354,others,
newBox,0:45,1355,others,
newBox,0:45,1356,others,
newBox,0:45,1357,others,
newBox,0:45,1358,others,
newBox,0:45,1359,others,
newBox,0:45,1360,others,
newBox,0:45,1361,others,
newBox,0:45,1362,others,
newBox,0:45,1363,others,
newBox,0:45,1364,others,
newBox,0:45,1365,others,
newBox,0:45,1366,others,
newBox,0:45,1367,others,
newBox,0:45,1368,others,
newBox,0:45,1369,others,
newBox,0:45,1370,others,
newBox,0:45,1371,others,
newBox,0:45,1372,others,
newBox,0:45,1373,others,
newBox,0:45,1374,others,
newBox,0:45,1375,others,
newBox,0:45,1376,others,
newBox,0:45,1377,others,
newBox,0:45,1378,others,
newBox,0:45,1379,others,
newBox,0:45,1380,others,
newBox,0:46,1381,others,
newBox,0:46,1382,others,
newBox,0:46,1383,others,
newBox,0:46,1384,others,
newBox,0:46,1385,others,
newBox,0:46,1386,others,
newBox,0:46,1387,others,
newBox,0:46,1388,others,
newBox,0:46,1389,others,
newBox,0:46,1390,others,
newBox,0:46,1391,others,
newBox,0:46,1392,others,
newBox,0:46,1393,others,
newBox,0:46,1394,others,
newBox,0:46,1395,others,
newBox,0:46,1396,others,
newBox,0:46,1397,others,
newBox,0:46,1398,others,
newBox,0:46,1399,others,
newBox,0:46,1400,others,
newBox,0:46,1401,others,
newBox,0:46,1402,others,
newBox,0:46,1403,others,
newBox,0:46,1404,others,
newBox,0:46,1405,others,
newBox,0:46,1406,others,
newBox,0:46,1407,others,
newBox,0:46,1408,others,
newBox,0:46,1409,others,
newBox,0:46,1410,others,
newBox,0:47,1411,others,
newBox,0:47,1412,others,
newBox,0:47,1413,others,
newBox,0:47,1414,others,
newBox,0:47,1415,others,
newBox,0:47,1416,others,
newBox,0:47,1417,others,
newBox,0:47,1418,others,
newBox,0:47,1419,others,
newBox,0:47,1420,others,
newBox,0:47,1421,others,
newBox,0:47,1422,others,
newBox,0:47,1423,others,
newBox,0:47,1424,others,
newBox,0:47,1425,others,
newBox,0:47,1426,others,
newBox,0:47,1427,others,
newBox,0:47,1428,others,
newBox,0:47,1429,others,
newBox,0:47,1430,others,
newBox,0:47,1431,others,
newBox,0:47,1432,others,
newBox,0:47,1433,others,
newBox,0:47,1434,others,
newBox,0:47,1435,others,
newBox,0:47,1436,others,
newBox,0:47,1437,others,
newBox,0:47,1438,others,
newBox,0:47,1439,others,
newBox,0:47,1440,others,
newBox,0:48,1441,others,
newBox,0:48,1442,others,
newBox,0:48,1443,others,
newBox,0:48,1444,others,
newBox,0:48,1445,others,
newBox,0:48,1446,others,
newBox,0:48,1447,others,
newBox,0:48,1448,others,
newBox,0:48,1449,others,
newBox,0:48,1450,others,
newBox,0:48,1451,others,
newBox,0:48,1452,others,
newBox,0:48,1453,others,
newBox,0:48,1454,others,
newBox,0:48,1455,others,
newBox,0:48,1456,others,
newBox,0:48,1457,others,
newBox,0:48,1458,others,
newBox,0:48,1459,others,
newBox,0:48,1460,others,
newBox,0:48,1461,others,
newBox,0:48,1462,others,
newBox,0:48,1463,others,
newBox,0:48,1464,others,
newBox,0:48,1465,others,
newBox,0:48,1466,others,
newBox,0:48,1467,others,
newBox,0:48,1468,others,
newBox,0:48,1469,others,
newBox,0:48,1470,others,
newBox,0:49,1471,others,
newBox,0:49,1472,others,
newBox,0:49,1473,others,
newBox,0:49,1474,others,
newBox,0:49,1475,others,
newBox,0:49,1476,others,
newBox,0:49,1477,others,
newBox,0:49,1478,others,
newBox,0:49,1479,others,
newBox,0:49,1480,others,
newBox,0:49,1481,others,
newBox,0:49,1482,others,
newBox,0:49,1483,others,
newBox,0:49,1484,others,
newBox,0:49,1485,others,
newBox,0:49,1486,others,
newBox,0:49,1487,others,
newBox,0:49,1488,others,
newBox,0:49,1489,others,
newBox,0:49,1490,others,
newBox,0:49,1491,others,
newBox,0:49,1492,others,
newBox,0:49,1493,others,
newBox,0:49,1494,others,
newBox,0:49,1495,others,
newBox,0:49,1496,others,
newBox,0:49,1497,others,
newBox,0:49,1498,others,
newBox,0:49,1499,others,
newBox,0:49,1500,others,
newBox,0:50,1501,others,
newBox,0:50,1502,others,
newBox,0:50,1503,others,
newBox,0:50,1504,others,
newBox,0:50,1505,others,
newBox,0:50,1506,others,
newBox,0:50,1507,others,
newBox,0:50,1508,others,
newBox,0:50,1509,others,
newBox,0:50,1510,others,
newBox,0:50,1511,others,
newBox,0:50,1512,others,
newBox,0:50,1513,others,
newBox,0:50,1514,others,
newBox,0:50,1515,others,
newBox,0:50,1516,others,
newBox,0:50,1517,others,
newBox,0:50,1518,others,
newBox,0:50,1519,others,
newBox,0:50,1520,others,
newBox,0:50,1521,others,
newBox,0:50,1522,others,
newBox,0:50,1523,others,
newBox,0:50,1524,others,
newBox,0:50,1525,others,
newBox,0:50,1526,others,
newBox,0:50,1527,others,
newBox,0:50,1528,others,
newBox,0:50,1529,others,
newBox,0:50,1530,others,
newBox,0:51,1531,others,
newBox,0:51,1532,others,
newBox,0:51,1533,others,
newBox,0:51,1534,others,
newBox,0:51,1535,others,
newBox,0:51,1536,others,
newBox,0:51,1537,others,
newBox,0:51,1538,others,
newBox,0:51,1539,others,
newBox,0:51,1540,others,
newBox,0:51,1541,others,
newBox,0:51,1542,others,
newBox,0:51,1543,others,
newBox,0:51,1544,others,
newBox,0:51,1545,others,
newBox,0:51,1546,others,
newBox,0:51,1547,others,
newBox,0:51,1548,others,
newBox,0:51,1549,others,
newBox,0:51,1550,others,
newBox,0:51,1551,others,
newBox,0:51,1552,others,
newBox,0:51,1553,others,
newBox,0:51,1554,others,
newBox,0:51,1555,others,
newBox,0:51,1556,others,
newBox,0:51,1557,others,
newBox,0:51,1558,others,
newBox,0:51,1559,others,
newBox,0:51,1560,others,
newBox,0:52,1561,others,
newBox,0:52,1562,others,
newBox,0:52,1563,others,
newBox,0:52,1564,others,
newBox,0:52,1565,others,
newBox,0:52,1566,others,
newBox,0:52,1567,others,
newBox,0:52,1568,others,
newBox,0:52,1569,others,
newBox,0:52,1570,others,
newBox,0:52,1571,cycle,
newBox,0:52,1572,cycle,
newBox,0:52,1573,cycle,
newBox,0:52,1574,cycle,
newBox,0:52,1575,cycle,
newBox,0:52,1576,cycle,
newBox,0:52,1577,cycle,
newBox,0:52,1578,cycle,
newBox,0:52,1579,cycle,
newBox,0:52,1580,cycle,
newBox,0:52,1581,cycle,
newBox,0:52,1582,cycle,
newBox,0:52,1583,cycle,
newBox,0:52,1584,cycle,
newBox,0:52,1585,cycle,
newBox,0:52,1586,cycle,
newBox,0:52,1587,cycle,
newBox,0:52,1588,cycle,
newBox,0:52,1589,cycle,
newBox,0:52,1590,cycle,
newBox,0:53,1591,cycle,
newBox,0:53,1592,cycle,
newBox,0:53,1593,cycle,
newBox,0:53,1594,cycle,
newBox,0:53,1595,cycle,
newBox,0:53,1596,cycle,
newBox,0:53,1597,cycle,
newBox,0:53,1598,cycle,
newBox,0:53,1599,cycle,
newBox,0:53,1600,cycle,
newBox,0:53,1601,cycle,
newBox,0:53,1602,cycle,
newBox,0:53,1603,cycle,
newBox,0:53,1604,cycle,
newBox,0:53,1605,cycle,
newBox,0:53,1606,cycle,
newBox,0:53,1607,cycle,
newBox,0:53,1608,cycle,
newBox,0:53,1609,cycle,
newBox,0:53,1610,cycle,
newBox,0:53,1611,cycle,
newBox,0:53,1612,cycle,
newBox,0:53,1613,cycle,
newBox,0:53,1614,cycle,
newBox,0:53,1615,cycle,
newBox,0:53,1616,cycle,
newBox,0:53,1617,cycle,
newBox,0:53,1618,cycle,
newBox,0:53,1619,cycle,
newBox,0:53,1620,cycle,
newBox,0:54,1621,cycle,
newBox,0:54,1622,cycle,
newBox,0:54,1623,cycle,
newBox,0:54,1624,cycle,
newBox,0:54,1625,cycle,
newBox,0:54,1626,cycle,
newBox,0:54,1627,cycle,
newBox,0:54,1628,cycle,
newBox,0:54,1629,cycle,
newBox,0:54,1630,cycle,
newBox,0:54,1631,cycle,
newBox,0:54,1632,cycle,
newBox,0:54,1633,cycle,
newBox,0:54,1634,cycle,
newBox,0:54,1635,cycle,
newBox,0:54,1636,cycle,
newBox,0:54,1637,cycle,
newBox,0:54,1638,cycle,
newBox,0:54,1639,cycle,
newBox,0:54,1640,cycle,
newBox,0:54,1641,cycle,
newBox,0:54,1642,cycle,
newBox,0:54,1643,cycle,
newBox,0:54,1644,cycle,
newBox,0:54,1645,cycle,
newBox,0:54,1646,cycle,
newBox,0:54,1647,cycle,
newBox,0:54,1648,cycle,
newBox,0:54,1649,cycle,
newBox,0:54,1650,cycle,
newBox,0:55,1651,cycle,
newBox,0:55,1652,cycle,
newBox,0:55,1653,cycle,
newBox,0:55,1654,cycle,
newBox,0:55,1655,cycle,
newBox,0:55,1656,cycle,
newBox,0:55,1657,cycle,
newBox,0:55,1658,cycle,
newBox,0:55,1659,cycle,
newBox,0:55,1660,cycle,
newBox,0:55,1661,cycle,
newBox,0:55,1662,cycle,
newBox,0:55,1663,cycle,
newBox,0:55,1664,cycle,
newBox,0:55,1665,cycle,
newBox,0:55,1666,cycle,
newBox,0:55,1667,cycle,
newBox,0:55,1668,cycle,
newBox,0:55,1669,cycle,
newBox,0:55,1670,cycle,
newBox,0:55,1671,cycle,
newBox,0:55,1672,cycle,
newBox,0:55,1673,cycle,
newBox,0:55,1674,cycle,
newBox,0:55,1675,cycle,
newBox,0:55,1676,cycle,
newBox,0:55,1677,cycle,
newBox,0:55,1678,cycle,
newBox,0:55,1679,cycle,
newBox,0:55,1680,cycle,
newBox,0:56,1681,cycle,
newBox,0:56,1682,cycle,
newBox,0:56,1683,cycle,
newBox,0:56,1684,cycle,
newBox,0:56,1685,cycle,
newBox,0:56,1686,cycle,
newBox,0:56,1687,cycle,
newBox,0:56,1688,cycle,
newBox,0:56,1689,cycle,
newBox,0:56,1690,cycle,
newBox,0:56,1691,cycle,
newBox,0:56,1692,cycle,
newBox,0:56,1693,cycle,
newBox,0:56,1694,cycle,
newBox,0:56,1695,cycle,
newBox,0:56,1696,cycle,
newBox,0:56,1697,cycle,
newBox,0:56,1698,cycle,
newBox,0:56,1699,cycle,
newBox,0:56,1700,cycle,
newBox,0:56,1701,cycle,
newBox,0:56,1702,cycle,
newBox,0:56,1703,cycle,
newBox,0:56,1704,cycle,
newBox,0:56,1705,cycle,
newBox,0:56,1706,cycle,
newBox,0:56,1707,cycle,
newBox,0:56,1708,cycle,
newBox,0:56,1709,cycle,
newBox,0:56,1710,cycle,
newBox,0:57,1711,cycle,
newBox,0:57,1712,cycle,
newBox,0:57,1713,cycle,
newBox,0:57,1714,cycle,
newBox,0:57,1715,cycle,
newBox,0:57,1716,cycle,
newBox,0:57,1717,cycle,
newBox,0:57,1718,cycle,
newBox,0:57,1719,cycle,
newBox,0:57,1720,cycle,
newBox,0:57,1721,cycle,
newBox,0:57,1722,cycle,
newBox,0:57,1723,cycle,
newBox,0:57,1724,cycle,
newBox,0:57,1725,cycle,
newBox,0:57,1726,cycle,
newBox,0:57,1727,cycle,
newBox,0:57,1728,cycle,
newBox,0:57,1729,cycle,
newBox,0:57,1730,cycle,
newBox,0:57,1731,cycle,
newBox,0:57,1732,cycle,
newBox,0:57,1733,cycle,
newBox,0:57,1734,cycle,
newBox,0:57,1735,cycle,
newBox,0:57,1736,cycle,
newBox,0:57,1737,cycle,
newBox,0:57,1738,cycle,
newBox,0:57,1739,cycle,
newBox,0:57,1740,cycle,
newBox,0:58,1741,cycle,
newBox,0:58,1742,cycle,
newBox,0:58,1743,cycle,
newBox,0:58,1744,cycle,
newBox,0:58,1745,cycle,
newBox,0:58,1746,cycle,
newBox,0:58,1747,cycle,
newBox,0:58,1748,cycle,
newBox,0:58,1749,cycle,
newBox,0:58,1750,cycle,
newBox,0:58,1751,cycle,
newBox,0:58,1752,cycle,
newBox,0:58,1753,cycle,
newBox,0:58,1754,cycle,
newBox,0:58,1755,cycle,
newBox,0:58,1756,cycle,
newBox,0:58,1757,cycle,
newBox,0:58,1758,cycle,
newBox,0:58,1759,cycle,
newBox,0:58,1760,cycle,
newBox,0:58,1761,cycle,
newBox,0:58,1762,cycle,
newBox,0:58,1763,cycle,
newBox,0:58,1764,cycle,
newBox,0:58,1765,cycle,
newBox,0:58,1766,cycle,
newBox,0:58,1767,cycle,
newBox,0:58,1768,cycle,
newBox,0:58,1769,cycle,
newBox,0:58,1770,cycle,
newBox,0:59,1771,cycle,
newBox,0:59,1772,cycle,
newBox,0:59,1773,cycle,
newBox,0:59,1774,cycle,
newBox,0:59,1775,cycle,
newBox,0:59,1776,cycle,
newBox,0:59,1777,cycle,
newBox,0:59,1778,cycle,
newBox,0:59,1779,cycle,
newBox,0:59,1780,cycle,
newBox,0:59,1781,cycle,
newBox,0:59,1782,cycle,
newBox,0:59,1783,cycle,
newBox,0:59,1784,cycle,
newBox,0:59,1785,cycle,
newBox,0:59,1786,cycle,
newBox,0:59,1787,cycle,
newBox,0:59,1788,cycle,
newBox,0:59,1789,cycle,
newBox,0:59,1790,cycle,
newBox,0:59,1791,cycle,
newBox,0:59,1792,cycle,
newBox,0:59,1793,cycle,
newBox,0:59,1794,cycle,
newBox,0:59,1795,cycle,
newBox,0:59,1796,cycle,
newBox,0:59,1797,cycle,
newBox,0:59,1798,cycle,
newBox,0:59,1799,cycle,
newBox,0:59,1800,cycle,
newBox,1:0,1801,cycle,
newBox,1:0,1802,cycle,
newBox,1:0,1803,cycle,
newBox,1:0,1804,cycle,
newBox,1:0,1805,cycle,
newBox,1:0,1806,cycle,
newBox,1:0,1807,cycle,
newBox,1:0,1808,cycle,
newBox,1:0,1809,cycle,
newBox,1:0,1810,cycle,
newBox,1:0,1811,cycle,
newBox,1:0,1812,cycle,
newBox,1:0,1813,cycle,
newBox,1:0,1814,cycle,
newBox,1:0,1815,cycle,
newBox,1:0,1816,cycle,
newBox,1:0,1817,cycle,
newBox,1:0,1818,cycle,
newBox,1:0,1819,cycle,
newBox,1:0,1820,cycle,
newBox,1:0,1821,cycle,
newBox,1:0,1822,cycle,
newBox,1:0,1823,cycle,
newBox,1:0,1824,cycle,
newBox,1:0,1825,cycle,
newBox,1:0,1826,cycle,
newBox,1:0,1827,cycle,
newBox,1:0,1828,cycle,
newBox,1:0,1829,cycle,
newBox,1:0,1830,cycle,
newBox,1:1,1831,cycle,
newBox,1:1,1832,cycle,
newBox,1:1,1833,cycle,
newBox,1:1,1834,cycle,
newBox,1:1,1835,cycle,
newBox,1:1,1836,cycle,
newBox,1:1,1837,cycle,
newBox,1:1,1838,cycle,
newBox,1:1,1839,cycle,
newBox,1:1,1840,cycle,
newBox,1:1,1841,cycle,
newBox,1:1,1842,cycle,
newBox,1:1,1843,cycle,
newBox,1:1,1844,cycle,
newBox,1:1,1845,cycle,
newBox,1:1,1846,cycle,
newBox,1:1,1847,cycle,
newBox,1:1,1848,cycle,
newBox,1:1,1849,cycle,
newBox,1:1,1850,cycle,
newBox,1:1,1851,cycle,
newBox,1:1,1852,cycle,
newBox,1:1,1853,cycle,
newBox,1:1,1854,cycle,
newBox,1:1,1855,cycle,
newBox,1:1,1856,cycle,
newBox,1:1,1857,cycle,
newBox,1:1,1858,cycle,
newBox,1:1,1859,cycle,
newBox,1:1,1860,cycle,
newBox,1:2,1861,cycle,
newBox,1:2,1862,cycle,
newBox,1:2,1863,cycle,
newBox,1:2,1864,cycle,
newBox,1:2,1865,cycle,
newBox,1:2,1866,cycle,
newBox,1:2,1867,cycle,
newBox,1:2,1868,cycle,
newBox,1:2,1869,cycle,
newBox,1:2,1870,cycle,
newBox,1:2,1871,cycle,
newBox,1:2,1872,cycle,
newBox,1:2,1873,cycle,
newBox,1:2,1874,cycle,
newBox,1:2,1875,cycle,
newBox,1:2,1876,cycle,
newBox,1:2,1877,cycle,
newBox,1:2,1878,cycle,
newBox,1:2,1879,cycle,
newBox,1:2,1880,cycle,
newBox,1:2,1881,cycle,
newBox,1:2,1882,cycle,
newBox,1:2,1883,cycle,
newBox,1:2,1884,cycle,
newBox,1:2,1885,cycle,
newBox,1:2,1886,cycle,
newBox,1:2,1887,cycle,
newBox,1:2,1888,cycle,
newBox,1:2,1889,cycle,
newBox,1:2,1890,cycle,
newBox,1:3,1891,cycle,
newBox,1:3,1892,cycle,
newBox,1:3,1893,cycle,
newBox,1:3,1894,cycle,
newBox,1:3,1895,cycle,
newBox,1:3,1896,cycle,
newBox,1:3,1897,cycle,
newBox,1:3,1898,cycle,
newBox,1:3,1899,cycle,
newBox,1:3,1900,cycle,
newBox,1:3,1901,cycle,
newBox,1:3,1902,cycle,
newBox,1:3,1903,cycle,
newBox,1:3,1904,cycle,
newBox,1:3,1905,cycle,
newBox,1:3,1906,cycle,
newBox,1:3,1907,cycle,
newBox,1:3,1908,cycle,
newBox,1:3,1909,cycle,
newBox,1:3,1910,cycle,
newBox,1:3,1911,cycle,
newBox,1:3,1912,cycle,
newBox,1:3,1913,cycle,
newBox,1:3,1914,cycle,
newBox,1:3,1915,cycle,
newBox,1:3,1916,cycle,
newBox,1:3,1917,cycle,
newBox,1:3,1918,cycle,
newBox,1:3,1919,cycle,
newBox,1:3,1920,cycle,
newBox,1:4,1921,cycle,
newBox,1:4,1922,cycle,
newBox,1:4,1923,cycle,
newBox,1:4,1924,cycle,
newBox,1:4,1925,cycle,
